{
  "steps": [
    200,
    400,
    600,
    800,
    1000
  ],
  "average": [
    0.5938529544873234,
    0.600929236534276,
    0.5942315349868573,
    0.6024392363044441,
    0.5996926683340026
  ],
  "Banking77Classification": [
    0.8263311688311689,
    0.8290584415584416,
    0.8207142857142857,
    0.822857142857143,
    0.8198701298701299
  ],
  "EmotionClassification": [
    0.4587,
    0.45640000000000003,
    0.45925000000000005,
    0.46160000000000007,
    0.4547
  ],
  "ArguAna": [
    0.48787,
    0.47513,
    0.4646,
    0.4698,
    0.47395
  ],
  "SciFact": [
    0.64775,
    0.64569,
    0.6412,
    0.66205,
    0.65164
  ],
  "STS17": [
    0.8899433631497982,
    0.8900375403048112,
    0.8906494996141208,
    0.8942359194356404,
    0.8940241169359987
  ],
  "NFCorpus": [
    0.31868,
    0.32441,
    0.31382,
    0.32382,
    0.31998
  ],
  "SICK-R": [
    0.7235993913566678,
    0.7657484847253521,
    0.7721710775303694,
    0.776933723039597,
    0.7814592707577995
  ],
  "STSBenchmark": [
    0.8185637268432565,
    0.8269940614185988,
    0.8314814470238288,
    0.832287904856616,
    0.8317234840197876
  ],
  "MedrxivClusteringS2S": [
    0.2767855598751555,
    0.2855941189753412,
    0.27713038674449775,
    0.29102420792005146,
    0.29529383860718655
  ],
  "StackOverflowDupQuestions": [
    0.4735519607983937,
    0.4746556291367992,
    0.4722382704755239,
    0.47611168685586824,
    0.4689324170562892
  ],
  "TwentyNewsgroupsClustering": [
    0.4449976523376633,
    0.44856497491577574,
    0.4472703321751189,
    0.4484192418956431,
    0.44547051708014546
  ],
  "BiorxivClusteringS2S": [
    0.3131503592449156,
    0.316463468710502,
    0.3178087565619779,
    0.3243287421705058,
    0.3240819126669928
  ],
  "SciDocsRR": [
    0.8001511457345521,
    0.7980011966843646,
    0.7843925514486089,
    0.7935785745916705,
    0.7941987682997119
  ],
  "SprintDuplicateQuestions": [
    0.833867034650956,
    0.8762613950498782,
    0.8265148825276699,
    0.8571021646394822,
    0.8403729013819939
  ]
}
