{
  "steps": [
    200,
    400,
    600,
    800
  ],
  "average": [
    0.5975117710940044,
    0.594599587206605,
    0.6000748708105494,
    0.600018866425022
  ],
  "Banking77Classification": [
    0.8301298701298702,
    0.826461038961039,
    0.8258766233766235,
    0.8237662337662337
  ],
  "EmotionClassification": [
    0.449,
    0.45265000000000005,
    0.4466,
    0.45194999999999996
  ],
  "ArguAna": [
    0.50066,
    0.48433,
    0.47767,
    0.47363
  ],
  "SciFact": [
    0.65019,
    0.62891,
    0.63564,
    0.62709
  ],
  "STS17": [
    0.8992818929615878,
    0.8887521182380199,
    0.8898922384085051,
    0.8924538570248619
  ],
  "NFCorpus": [
    0.31857,
    0.31743,
    0.32016,
    0.31767
  ],
  "SICK-R": [
    0.7334397410672677,
    0.7468508838862881,
    0.7616025846553562,
    0.7835250803936071
  ],
  "STSBenchmark": [
    0.8218298770572925,
    0.8218987909413207,
    0.8252557451163619,
    0.8316277651347841
  ],
  "MedrxivClusteringS2S": [
    0.2834843520806879,
    0.28742045391296756,
    0.28585856272859167,
    0.2963926435001167
  ],
  "StackOverflowDupQuestions": [
    0.47321437117660164,
    0.4733375006596561,
    0.480948093591811,
    0.47852836498821943
  ],
  "TwentyNewsgroupsClustering": [
    0.4302724146985968,
    0.43153956546408806,
    0.44722068311943897,
    0.4494932234973653
  ],
  "BiorxivClusteringS2S": [
    0.31972433696401503,
    0.3179933113409927,
    0.32388979894526304,
    0.3262389112284797
  ],
  "SciDocsRR": [
    0.7999702226234723,
    0.7965219433309914,
    0.80046930704744,
    0.7952331613668361
  ],
  "SprintDuplicateQuestions": [
    0.8553977165566704,
    0.8502986141571062,
    0.8799645543583012,
    0.8526648890498044
  ]
}
